<?xml version="1.0" encoding="UTF-8"?>
<configuration debug="false" scan="false">
	<statusListener class="ch.qos.logback.core.status.NopStatusListener" />
	     <appender name="CONSOLE" class="ch.qos.logback.core.ConsoleAppender">
		   		<encoder class="ch.qos.logback.classic.encoder.PatternLayoutEncoder">
					<Pattern>
						%d{yyyy-MM-dd HH:mm:ss} [%thread] %-5level %logger{36} [%X{userId}]- %msg%n
					</Pattern>
				</encoder>
		</appender>
		<root level ="INFO">
				<appender-ref ref="CONSOLE" />
		</root>
</configuration>